{
    "1": {
        "provincia": "AZUAY",
        "cantones": {
            "101": {
                "canton": "CUENCA",
                "parroquias": {
                    "10101": "BELLAVISTA",
                    "10102": "CAÑARIBAMBA",
                    "10103": "EL BATÁN",
                    "10104": "EL SAGRARIO",
                    "10105": "EL VECINO",
                    "10106": "GIL RAMIREZ DAVALOS",
                    "10107": "HUAYNACAPAC",
                    "10108": "MACHANGARA",
                    "10109": "MONAY",
                    "10110": "SAN BLAS",
                    "10111": "SAN SEBASTIAN",
                    "10112": "SUCRE",
                    "10113": "TOTORACOCHA",
                    "10114": "YANUNCAY",
                    "10115": "HERMANO MIGUEL",
                    "10150": "CUENCA",
                    "10151": "BAÑOS",
                    "10152": "CUMBE",
                    "10153": "CHAUCHA",
                    "10154": "CHECA (JIDCAY)",
                    "10155": "CHIQUINTAD",
                    "10156": "LLACAO",
                    "10157": "MOLLETURO",
                    "10158": "NULTI",
                    "10159": "OCTAVIO CORDERO PALACIOS (SANTA ROSA)",
                    "10160": "PACCHA",
                    "10161": "QUINGEO",
                    "10162": "RICAURTE",
                    "10163": "SAN JOAQUÍN",
                    "10164": "SANTA ANA",
                    "10165": "SAYAUSÍ",
                    "10166": "SIDCAY",
                    "10167": "SININCAY",
                    "10168": "TARQUI",
                    "10169": "TURI",
                    "10170": "VALLE",
                    "10171": "VICTORIA DEL PORTETE (IRQUIS)"
                }
            },
            "102": {
                "canton": "GIRÓN",
                "parroquias": {
                    "10250": "GIRON",
                    "10251": "ASUNCION",
                    "10252": "SAN GERARDO"
                }
            },
            "103": {
                "canton": "GUALACEO",
                "parroquias": {
                    "10350": "GUALACEO",
                    "10351": "CHORDELEG",
                    "10352": "DANIEL CORDOVA TORAL (EL ORIENTE)",
                    "10353": "JADAN",
                    "10354": "MARIANO MORENO",
                    "10355": "PRINCIPAL",
                    "10356": "REMIGIO CRESPO TORAL (GULAG)",
                    "10357": "SAN JUAN",
                    "10358": "ZHIDMAD",
                    "10359": "LUIS CORDERO VEGA",
                    "10360": "SIMON BOLIVAR (CAB. EN GAÑANZOL)"
                }
            },
            "104": {
                "canton": "NABÓN",
                "parroquias": {
                    "10450": "NABON",
                    "10451": "COCHAPATA",
                    "10452": "EL PROGRESO (CAB.EN ZHOTA)",
                    "10453": "LAS NIEVES (CHAYA)",
                    "10454": "OÑA"
                }
            },
            "105": {
                "canton": "PAUTE",
                "parroquias": {
                    "10550": "PAUTE",
                    "10551": "AMALUZA",
                    "10552": "BULAN (JOSE VICTOR IZQUIERDO)",
                    "10553": "CHICAN (GUILLERMO ORTEGA)",
                    "10554": "EL CABO",
                    "10555": "GUACHAPALA",
                    "10556": "GUARAINAG",
                    "10557": "PALMAS",
                    "10558": "PAN",
                    "10559": "SAN CRISTOBAL (CARLOS ORDOÑEZ LAZO)",
                    "10560": "SEVILLA DE ORO",
                    "10561": "TOMEBAMBA",
                    "10562": "DUG DUG"
                }
            },
            "106": {
                "canton": "PUCARA",
                "parroquias": {
                    "10650": "PUCARA",
                    "10651": "CAMILO PONCE ENRÍQUEZ (CAB. EN RÍO 7 DE MOLLEPONGO)",
                    "10652": "SAN RAFAEL DE SHARUG"
                }
            },
            "107": {
                "canton": "SAN FERNANDO",
                "parroquias": {
                    "10750": "SAN FERNANDO",
                    "10751": "CHUMBLIN"
                }
            },
            "108": {
                "canton": "SANTA ISABEL",
                "parroquias": {
                    "10850": "SANTA ISABEL (CHAGUARURCO)",
                    "10851": "ABDON CALDERON (LA UNION)",
                    "10852": "EL CARMEN DE PIJILÍ",
                    "10853": "ZHAGLLI (SHAGLLI)",
                    "10854": "SAN SALVADOR DE CAÑARIBAMBA"
                }
            },
            "109": {
                "canton": "SIGSIG",
                "parroquias": {
                    "10950": "SIGSIG",
                    "10951": "CUCHIL (CUTCHIL)",
                    "10952": "GIMA",
                    "10953": "GUEL",
                    "10954": "LUDO",
                    "10955": "SAN BARTOLOME",
                    "10956": "SAN JOSE DE RARANGA"
                }
            },
            "110": {
                "canton": "OÑA",
                "parroquias": {
                    "11050": "SAN FELIPE DE OÑA CABECERA CANTONAL",
                    "11051": "SUSUDEL"
                }
            },
            "111": {
                "canton": "CHORDELEG",
                "parroquias": {
                    "11150": "CHORDELEG",
                    "11151": "PRINCIPAL",
                    "11152": "LA UNION",
                    "11153": "LUIS GALARZA ORELLANA (CAB.EN DELEGSOL)",
                    "11154": "SAN MARTIN DE PUZHIO"
                }
            },
            "112": {
                "canton": "EL PAN",
                "parroquias": {
                    "11250": "EL PAN",
                    "11251": "AMALUZA",
                    "11252": "PALMAS",
                    "11253": "SAN VICENTE"
                }
            },
            "113": {
                "canton": "SEVILLA DE ORO",
                "parroquias": {
                    "11350": "SEVILLA DE ORO",
                    "11351": "AMALUZA",
                    "11352": "PALMAS"
                }
            },
            "114": {
                "canton": "GUACHAPALA",
                "parroquias": {
                    "11450": "GUACHAPALA"
                }
            },
            "115": {
                "canton": "CAMILO PONCE ENRÍQUEZ",
                "parroquias": {
                    "11550": "CAMILO PONCE ENRIQUEZ",
                    "11551": "EL CARMEN DE PIJILÍ"
                }
            }
        }
    },
    "2": {
        "provincia": "BOLIVAR",
        "cantones": {
            "201": {
                "canton": "GUARANDA",
                "parroquias": {
                    "20101": "ANGEL POLIBIO CHAVES",
                    "20102": "GABRIEL IGNACIO VEINTIMILLA",
                    "20103": "GUANUJO",
                    "20150": "GUARANDA",
                    "20151": "FACUNDO VELA",
                    "20152": "GUANUJO",
                    "20153": "JULIO E. MORENO (CATANAHUÁN GRANDE)",
                    "20154": "LAS NAVES",
                    "20155": "SALINAS",
                    "20156": "SAN LORENZO",
                    "20157": "SAN SIMÓN (YACOTO)",
                    "20158": "SANTA FÉ (SANTA FÉ)",
                    "20159": "SIMIATUG",
                    "20160": "SAN LUIS DE PAMBIL"
                }
            },
            "202": {
                "canton": "CHILLANES",
                "parroquias": {
                    "20250": "CHILLANES",
                    "20251": "SAN JOSE DEL TAMBO (TAMBOPAMBA)"
                }
            },
            "203": {
                "canton": "CHIMBO",
                "parroquias": {
                    "20350": "SAN JOSE DE CHIMBO",
                    "20351": "ASUNCION (ASANCOTO)",
                    "20352": "CALUMA",
                    "20353": "MAGDALENA (CHAPACOTO)",
                    "20354": "SAN SEBASTIAN",
                    "20355": "TELIMBELA"
                }
            },
            "204": {
                "canton": "ECHEANDÍA",
                "parroquias": {
                    "20450": "ECHEANDIA"
                }
            },
            "205": {
                "canton": "SAN MIGUEL",
                "parroquias": {
                    "20550": "SAN MIGUEL",
                    "20551": "BALSAPAMBA",
                    "20552": "BILOVAN",
                    "20553": "REGULO DE MORA",
                    "20554": "SAN PABLO (SAN PABLO DE ATENAS)",
                    "20555": "SANTIAGO",
                    "20556": "SAN VICENTE"
                }
            },
            "206": {
                "canton": "CALUMA",
                "parroquias": {
                    "20650": "CALUMA"
                }
            },
            "207": {
                "canton": "LAS NAVES",
                "parroquias": {
                    "20701": "LAS MERCEDES",
                    "20702": "LAS NAVES",
                    "20750": "LAS NAVES"
                }
            }
        }
    },
    "3": {
        "provincia": "CAÑAR",
        "cantones": {
            "301": {
                "canton": "AZOGUES",
                "parroquias": {
                    "30101": "AURELIO BAYAS MARTINEZ",
                    "30102": "AZOGUES",
                    "30103": "BORRERO",
                    "30104": "SAN FRANCISCO",
                    "30150": "AZOGUES",
                    "30151": "COJITAMBO",
                    "30152": "DELEG",
                    "30153": "GUAPAN",
                    "30154": "JAVIER LOYOLA (CHUQUIPATA)",
                    "30155": "LUIS CORDERO",
                    "30156": "PINDILIG",
                    "30157": "RIVERA",
                    "30158": "SAN MIGUEL",
                    "30159": "SOLANO",
                    "30160": "TADAY"
                }
            },
            "302": {
                "canton": "BIBLIÁN",
                "parroquias": {
                    "30250": "BIBLIAN",
                    "30251": "NAZON (CAB. EN PAMPA DE DOMINGUEZ)",
                    "30252": "SAN FRANCISCO DE SAGEO",
                    "30253": "TURUPAMBA",
                    "30254": "JERUSALEN"
                }
            },
            "303": {
                "canton": "CAÑAR",
                "parroquias": {
                    "30350": "CAÑAR",
                    "30351": "CHONTAMARCA",
                    "30352": "CHOROCOPTE",
                    "30353": "GENERAL MORALES (SOCARTE)",
                    "30354": "GUALLETURO",
                    "30355": "HONORATO VASQUEZ (TAMBO VIEJO)",
                    "30356": "INGAPIRCA",
                    "30357": "JUNCAL",
                    "30358": "SAN ANTONIO",
                    "30359": "SUSCAL",
                    "30360": "TAMBO",
                    "30361": "ZHUD",
                    "30362": "VENTURA",
                    "30363": "DUCUR"
                }
            },
            "304": {
                "canton": "LA TRONCAL",
                "parroquias": {
                    "30450": "LA TRONCAL",
                    "30451": "MANUEL J. CALLE",
                    "30452": "PANCHO NEGRO"
                }
            },
            "305": {
                "canton": "EL TAMBO",
                "parroquias": {
                    "30550": "EL TAMBO"
                }
            },
            "306": {
                "canton": "DÉLEG",
                "parroquias": {
                    "30650": "DELEG",
                    "30651": "SOLANO"
                }
            },
            "307": {
                "canton": "SUSCAL",
                "parroquias": {
                    "30750": "SUSCAL"
                }
            }
        }
    },
    "4": {
        "provincia": "CARCHI",
        "cantones": {
            "401": {
                "canton": "TULCÁN",
                "parroquias": {
                    "40101": "GONZALEZ SUAREZ",
                    "40102": "TULCAN",
                    "40150": "TULCAN",
                    "40151": "EL CARMELO (EL PUN)",
                    "40152": "HUACA",
                    "40153": "JULIO ANDRADE (OREJUELA)",
                    "40154": "MALDONADO",
                    "40155": "PIOTER",
                    "40156": "TOBAR DONOSO (LA BOCANA DE CAMUMBI)",
                    "40157": "TUFIÑO",
                    "40158": "URBINA (TAYA)",
                    "40159": "EL CHICAL",
                    "40160": "MARISCAL SUCRE",
                    "40161": "SANTA MARTHA DE CUBA"
                }
            },
            "402": {
                "canton": "BOLÍVAR",
                "parroquias": {
                    "40250": "BOLIVAR",
                    "40251": "GARCIA MORENO",
                    "40252": "LOS ANDES",
                    "40253": "MONTE OLIVO",
                    "40254": "SAN VICENTE DE PUSIR",
                    "40255": "SAN RAFAEL"
                }
            },
            "403": {
                "canton": "ESPEJO",
                "parroquias": {
                    "40301": "EL ANGEL",
                    "40302": "27 DE SEPTIEMBRE",
                    "40350": "EL ANGEL",
                    "40351": "EL GOALTAL",
                    "40352": "LA LIBERTAD (ALIZO)",
                    "40353": "SAN ISIDRO"
                }
            },
            "404": {
                "canton": "MIRA",
                "parroquias": {
                    "40450": "MIRA (CHONTAHUASI)",
                    "40451": "CONCEPCION",
                    "40452": "JIJON Y CAAMAÑO (CAB. EN RIO BLANCO)",
                    "40453": "JUAN MONTALVO (SAN IGNACIO DE QUIL)"
                }
            },
            "405": {
                "canton": "MONTÚFAR",
                "parroquias": {
                    "40501": "GONZALEZ SUAREZ",
                    "40502": "SAN JOSE",
                    "40550": "SAN GABRIEL",
                    "40551": "CRISTOBAL COLON",
                    "40552": "CHITAN DE NAVARRETE",
                    "40553": "FERNÁNDEZ SALVADOR",
                    "40554": "LA PAZ",
                    "40555": "PIARTAL"
                }
            },
            "406": {
                "canton": "SAN PEDRO DE HUACA",
                "parroquias": {
                    "40650": "HUACA",
                    "40651": "MARISCAL SUCRE"
                }
            }
        }
    },
    "5": {
        "provincia": "COTOPAXI",
        "cantones": {
            "501": {
                "canton": "LATACUNGA",
                "parroquias": {
                    "50101": "ELOY ALFARO (SAN FELIPE)",
                    "50102": "IGNACIO FLORES (PARQUE FLORES)",
                    "50103": "JUAN MONTALVO (SAN SEBASTIAN)",
                    "50104": "LA MATRIZ",
                    "50105": "SAN BUENAVENTURA",
                    "50150": "LATACUNGA",
                    "50151": "ALAQUES (ALAQUEZ)",
                    "50152": "BELISARIO QUEVEDO (GUANAILIN)",
                    "50153": "GUAITACAMA (GUAYTACAMA)",
                    "50154": "JOSEGUANGO BAJO",
                    "50155": "LAS PAMPAS",
                    "50156": "MULALO",
                    "50157": "11 DE NOVIEMBRE (ILINCHISI)",
                    "50158": "POALO",
                    "50159": "SAN JUAN DE PASTOCALLE",
                    "50160": "SIGCHOS",
                    "50161": "TANICUCHI",
                    "50162": "TOACASO",
                    "50163": "PALO QUEMADO"
                }
            },
            "502": {
                "canton": "LA MANÁ",
                "parroquias": {
                    "50201": "EL CARMEN",
                    "50202": "LA MANA",
                    "50203": "EL TRIUNFO",
                    "50250": "LA MANA",
                    "50251": "GUASAGANDA (CAB.EN GUASAGANDA",
                    "50252": "PUCAYACU"
                }
            },
            "503": {
                "canton": "PANGUA",
                "parroquias": {
                    "50350": "EL CORAZON",
                    "50351": "MORASPUNGO",
                    "50352": "PINLLOPATA",
                    "50353": "RAMON CAMPAÑA"
                }
            },
            "504": {
                "canton": "PUJILI",
                "parroquias": {
                    "50450": "PUJILI",
                    "50451": "ANGAMARCA",
                    "50452": "CHUCCHILÁN (CHUGCHILÁN)",
                    "50453": "GUANGAJE",
                    "50454": "ISINLIBÍ (ISINLIVÍ)",
                    "50455": "LA VICTORIA",
                    "50456": "PILALO",
                    "50457": "TINGO",
                    "50458": "ZUMBAHUA"
                }
            },
            "505": {
                "canton": "SALCEDO",
                "parroquias": {
                    "50550": "SAN MIGUEL",
                    "50551": "ANTONIO JOSE HOLGUIN (SANTA LUCIA)",
                    "50552": "CUSUBAMBA",
                    "50553": "MULALILLO",
                    "50554": "MULLIQUINDIL (SANTA ANA)",
                    "50555": "PANSALEO"
                }
            },
            "506": {
                "canton": "SAQUISILÍ",
                "parroquias": {
                    "50650": "SAQUISILI",
                    "50651": "CANCHAGUA",
                    "50652": "CHANTILIN",
                    "50653": "COCHAPAMBA"
                }
            },
            "507": {
                "canton": "SIGCHOS",
                "parroquias": {
                    "50750": "SIGCHOS",
                    "50751": "CHUGCHILLAN",
                    "50752": "ISINLIVI",
                    "50753": "LAS PAMPAS",
                    "50754": "PALO QUEMADO"
                }
            }
        }
    },
    "6": {
        "provincia": "CHIMBORAZO",
        "cantones": {
            "601": {
                "canton": "RIOBAMBA",
                "parroquias": {
                    "60101": "LIZARZABURU",
                    "60102": "MALDONADO",
                    "60103": "VELASCO",
                    "60104": "VELOZ",
                    "60105": "YARUQUIES",
                    "60150": "RIOBAMBA",
                    "60151": "CACHA (CAB. EN MACHANGARA)",
                    "60152": "CALPI",
                    "60153": "CUBIJIES",
                    "60154": "FLORES",
                    "60155": "LICAN",
                    "60156": "LICTO",
                    "60157": "PUNGALA",
                    "60158": "PUNIN",
                    "60159": "QUIMIAG",
                    "60160": "SAN JUAN",
                    "60161": "SAN LUIS"
                }
            },
            "602": {
                "canton": "ALAUSI",
                "parroquias": {
                    "60250": "ALAUSI",
                    "60251": "ACHUPALLAS",
                    "60252": "CUMANDA",
                    "60253": "GUASUNTOS",
                    "60254": "HUIGRA",
                    "60255": "MULTITUD",
                    "60256": "PISTISHI (NARIZ DEL DIABLO)",
                    "60257": "PUMALLACTA",
                    "60258": "SEVILLA",
                    "60259": "SIBAMBE",
                    "60260": "TIXAN"
                }
            },
            "603": {
                "canton": "COLTA",
                "parroquias": {
                    "60301": "CAJABAMBA",
                    "60302": "SICALPA",
                    "60350": "VILLA LA UNIÓN (CAJABAMBA)",
                    "60351": "CAÑI",
                    "60352": "COLUMBE",
                    "60353": "JUAN DE VELASCO (PANGOR)",
                    "60354": "SANTIAGO DE QUITO (CAB. EN SAN ANTONIO DE QUITO)"
                }
            },
            "604": {
                "canton": "CHAMBO",
                "parroquias": {
                    "60450": "CHAMBO"
                }
            },
            "605": {
                "canton": "CHUNCHI",
                "parroquias": {
                    "60550": "CHUNCHI",
                    "60551": "CAPZOL",
                    "60552": "COMPUD",
                    "60553": "GONZOL",
                    "60554": "LLAGOS"
                }
            },
            "606": {
                "canton": "GUAMOTE",
                "parroquias": {
                    "60650": "GUAMOTE",
                    "60651": "CEBADAS",
                    "60652": "PALMIRA"
                }
            },
            "607": {
                "canton": "GUANO",
                "parroquias": {
                    "60701": "EL ROSARIO",
                    "60702": "LA MATRIZ",
                    "60750": "GUANO",
                    "60751": "GUANANDO",
                    "60752": "ILAPO",
                    "60753": "LA PROVIDENCIA",
                    "60754": "SAN ANDRES",
                    "60755": "SAN GERARDO DE PACAICAGUAN",
                    "60756": "SAN ISIDRO DE PATULU",
                    "60757": "SAN JOSE DEL CHAZO",
                    "60758": "SANTA FE DE GALAN",
                    "60759": "VALPARAISO"
                }
            },
            "608": {
                "canton": "PALLATANGA",
                "parroquias": {
                    "60850": "PALLATANGA"
                }
            },
            "609": {
                "canton": "PENIPE",
                "parroquias": {
                    "60950": "PENIPE",
                    "60951": "EL ALTAR",
                    "60952": "MATUS",
                    "60953": "PUELA",
                    "60954": "SAN ANTONIO DE BAYUSHIG",
                    "60955": "LA CANDELARIA",
                    "60956": "BILBAO (CAB.EN QUILLUYACU)"
                }
            },
            "610": {
                "canton": "CUMANDÁ",
                "parroquias": {
                    "61050": "CUMANDA"
                }
            }
        }
    },
    "7": {
        "provincia": "EL ORO",
        "cantones": {
            "701": {
                "canton": "MACHALA",
                "parroquias": {
                    "70101": "LA PROVIDENCIA",
                    "70102": "MACHALA",
                    "70103": "PUERTO BOLIVAR",
                    "70104": "NUEVE DE MAYO",
                    "70105": "EL CAMBIO",
                    "70150": "MACHALA",
                    "70151": "EL CAMBIO",
                    "70152": "EL RETIRO"
                }
            },
            "702": {
                "canton": "ARENILLAS",
                "parroquias": {
                    "70250": "ARENILLAS",
                    "70251": "CHACRAS",
                    "70252": "LA LIBERTAD",
                    "70253": "LAS LAJAS (CAB. EN LA VICTORIA)",
                    "70254": "PALMALES",
                    "70255": "CARCABON"
                }
            },
            "703": {
                "canton": "ATAHUALPA",
                "parroquias": {
                    "70350": "PACCHA",
                    "70351": "AYAPAMBA",
                    "70352": "CORDONCILLO",
                    "70353": "MILAGRO",
                    "70354": "SAN JOSE",
                    "70355": "SAN JUAN DE CERRO AZUL"
                }
            },
            "704": {
                "canton": "BALSAS",
                "parroquias": {
                    "70450": "BALSAS",
                    "70451": "BELLAMARIA"
                }
            },
            "705": {
                "canton": "CHILLA",
                "parroquias": {
                    "70550": "CHILLA"
                }
            },
            "706": {
                "canton": "EL GUABO",
                "parroquias": {
                    "70650": "EL GUABO",
                    "70651": "BARBONES (SUCRE)",
                    "70652": "LA IBERIA",
                    "70653": "TENDALES (CAB.EN PUERTO TENDALES)",
                    "70654": "RIO BONITO"
                }
            },
            "707": {
                "canton": "HUAQUILLAS",
                "parroquias": {
                    "70701": "ECUADOR",
                    "70702": "EL PARAISO",
                    "70703": "HUALTACO",
                    "70704": "MILTON REYES",
                    "70705": "UNION LOJANA",
                    "70750": "HUAQUILLAS"
                }
            },
            "708": {
                "canton": "MARCABELÍ",
                "parroquias": {
                    "70850": "MARCABELI",
                    "70851": "EL INGENIO"
                }
            },
            "709": {
                "canton": "PASAJE",
                "parroquias": {
                    "70901": "BOLIVAR",
                    "70902": "LOMA DE FRANCO",
                    "70903": "OCHOA LEON (MATRIZ)",
                    "70904": "TRES CERRITOS",
                    "70950": "PASAJE",
                    "70951": "BUENAVISTA",
                    "70952": "CASACAY",
                    "70953": "LA PEAÑA",
                    "70954": "PROGRESO",
                    "70955": "UZHCURRUMI",
                    "70956": "CAÑAQUEMADA"
                }
            },
            "710": {
                "canton": "PIÑAS",
                "parroquias": {
                    "71001": "LA MATRIZ",
                    "71002": "LA SUSAYA",
                    "71003": "PIÑAS GRANDE",
                    "71050": "PIÑAS",
                    "71051": "CAPIRO (CAB. EN LA CAPILLA DE CAPIRO)",
                    "71052": "LA BOCANA",
                    "71053": "MOROMORO (CAB. EN EL VADO)",
                    "71054": "PIEDRAS",
                    "71055": "SAN ROQUE (AMBROSIO MALDONADO)",
                    "71056": "SARACAY"
                }
            },
            "711": {
                "canton": "PORTOVELO",
                "parroquias": {
                    "71150": "PORTOVELO",
                    "71151": "CURTINCAPA",
                    "71152": "MORALES",
                    "71153": "SALATI"
                }
            },
            "712": {
                "canton": "SANTA ROSA",
                "parroquias": {
                    "71201": "SANTA ROSA",
                    "71202": "PUERTO JELI",
                    "71203": "BALNEARIO JAMBELI (SATELITE)",
                    "71204": "JUMON (SATELITE)",
                    "71205": "NUEVO SANTA ROSA",
                    "71250": "SANTA ROSA",
                    "71251": "BELLAVISTA",
                    "71252": "JAMBELI",
                    "71253": "LA AVANZADA",
                    "71254": "SAN ANTONIO",
                    "71255": "TORATA",
                    "71256": "VICTORIA",
                    "71257": "BELLAMARIA"
                }
            },
            "713": {
                "canton": "ZARUMA",
                "parroquias": {
                    "71350": "ZARUMA",
                    "71351": "ABAÑIN",
                    "71352": "ARCAPAMBA",
                    "71353": "GUANAZAN",
                    "71354": "GUIZHAGUIÑA",
                    "71355": "HUERTAS",
                    "71356": "MALVAS",
                    "71357": "MULUNCAY GRANDE",
                    "71358": "SINSAO",
                    "71359": "SALVIAS"
                }
            },
            "714": {
                "canton": "LAS LAJAS",
                "parroquias": {
                    "71401": "LA VICTORIA",
                    "71402": "PLATANILLOS",
                    "71403": "VALLE HERMOSO",
                    "71450": "LA VICTORIA",
                    "71451": "LA LIBERTAD",
                    "71452": "EL PARAISO",
                    "71453": "SAN ISIDRO"
                }
            }
        }
    },
    "8": {
        "provincia": "ESMERALDAS",
        "cantones": {
            "801": {
                "canton": "ESMERALDAS",
                "parroquias": {
                    "80101": "BARTOLOME RUIZ (CESAR FRANCO CARRION)",
                    "80102": "5 DE AGOSTO",
                    "80103": "ESMERALDAS",
                    "80104": "LUIS TELLO (LAS PALMAS)",
                    "80105": "SIMON PLATA TORRES",
                    "80150": "ESMERALDAS",
                    "80151": "ATACAMES",
                    "80152": "CAMARONES (CAB. EN SAN VICENTE)",
                    "80153": "CRNEL. CARLOS CONCHA TORRES (CAB.EN HUELE)",
                    "80154": "CHINCA",
                    "80155": "CHONTADURO",
                    "80156": "CHUMUNDE",
                    "80157": "LAGARTO",
                    "80158": "LA UNION",
                    "80159": "MAJUA",
                    "80160": "MONTALVO (CAB. EN HORQUETA)",
                    "80161": "RIO VERDE",
                    "80162": "ROCAFUERTE",
                    "80163": "SAN MATEO",
                    "80164": "SUA (CAB. EN LA BOCANA)",
                    "80165": "TABIAZO",
                    "80166": "TACHINA",
                    "80167": "TONCHIGÜE",
                    "80168": "VUELTA LARGA"
                }
            },
            "802": {
                "canton": "ELOY ALFARO",
                "parroquias": {
                    "80250": "VALDEZ (LIMONES)",
                    "80251": "ANCHAYACU",
                    "80252": "ATAHUALPA (CAB. EN CAMARONES)",
                    "80253": "BORBON",
                    "80254": "LA TOLA",
                    "80255": "LUIS VARGAS TORRES (CAB. EN PLAYA DE ORO)",
                    "80256": "MALDONADO",
                    "80257": "PAMPANAL DE BOLÍVAR",
                    "80258": "SAN FRANCISCO DE ONZOLE",
                    "80259": "SANTO DOMINGO DE ONZOLE",
                    "80260": "SELVA ALEGRE",
                    "80261": "TELEMBI",
                    "80262": "COLON ELOY DEL MARIA",
                    "80263": "SAN JOSE DE CAYAPAS",
                    "80264": "TIMBIRÉ"
                }
            },
            "803": {
                "canton": "MUISNE",
                "parroquias": {
                    "80350": "MUISNE",
                    "80351": "BOLIVAR",
                    "80352": "DAULE",
                    "80353": "GALERA",
                    "80354": "QUINGUE (OLMEDO PERDOMO FRANCO)",
                    "80355": "SALIMA",
                    "80356": "SAN FRANCISCO",
                    "80357": "SAN GREGORIO",
                    "80358": "SAN JOSE DE CHAMANGA (CAB.EN CHAMANGA)"
                }
            },
            "804": {
                "canton": "QUININDÉ",
                "parroquias": {
                    "80450": "ROSA ZARATE (QUININDE)",
                    "80451": "CUBE",
                    "80452": "CHURA (CHANCAMA) (CAB. EN EL YERBERO)",
                    "80453": "MALIMPIA",
                    "80454": "VICHE",
                    "80455": "LA UNION"
                }
            },
            "805": {
                "canton": "SAN LORENZO",
                "parroquias": {
                    "80550": "SAN LORENZO",
                    "80551": "ALTO TAMBO (CAB. EN GUADUAL)",
                    "80552": "ANCON (PICHANGAL) (CAB. EN PALMA REAL)",
                    "80553": "CALDERON",
                    "80554": "CARONDELET",
                    "80555": "5 DE JUNIO (CAB. EN UIMBI)",
                    "80556": "CONCEPCION",
                    "80557": "MATAJE (CAB. EN SANTANDER)",
                    "80558": "SAN JAVIER DE CACHAVI (CAB. EN SAN JAVIER)",
                    "80559": "SANTA RITA",
                    "80560": "TAMBILLO",
                    "80561": "TULULBI (CAB. EN RICAURTE)",
                    "80562": "URBINA"
                }
            },
            "806": {
                "canton": "ATACAMES",
                "parroquias": {
                    "80650": "ATACAMES",
                    "80651": "LA UNION",
                    "80652": "SUA (CAB. EN LA BOCANA)",
                    "80653": "TONCHIGÜE",
                    "80654": "TONSUPA"
                }
            },
            "807": {
                "canton": "RIOVERDE",
                "parroquias": {
                    "80750": "RIOVERDE",
                    "80751": "CHONTADURO",
                    "80752": "CHUMUNDE",
                    "80753": "LAGARTO",
                    "80754": "MONTALVO (CAB. EN HORQUETA)",
                    "80755": "ROCAFUERTE"
                }
            },
            "808": {
                "canton": "LA CONCORDIA",
                "parroquias": {
                    "80850": "LA CONCORDIA",
                    "80851": "MONTERREY",
                    "80852": "LA VILLEGAS",
                    "80853": "PLAN PILOTO"
                }
            }
        }
    },
    "9": {
        "provincia": "GUAYAS",
        "cantones": {
            "901": {
                "canton": "GUAYAQUIL",
                "parroquias": {
                    "90101": "AYACUCHO",
                    "90102": "BOLIVAR (SAGRARIO)",
                    "90103": "CARBO (CONCEPCION)",
                    "90104": "FEBRES CORDERO",
                    "90105": "GARCIA MORENO",
                    "90106": "LETAMENDI",
                    "90107": "NUEVE DE OCTUBRE",
                    "90108": "OLMEDO (SAN ALEJO)",
                    "90109": "ROCA",
                    "90110": "ROCAFUERTE",
                    "90111": "SUCRE",
                    "90112": "TARQUI",
                    "90113": "URDANETA",
                    "90114": "XIMENA",
                    "90115": "PASCUALES",
                    "90150": "GUAYAQUIL",
                    "90151": "CHONGÓN",
                    "90152": "JUAN GOMEZ RENDON (PROGRESO)",
                    "90153": "MORRO",
                    "90154": "PASCUALES",
                    "90155": "PLAYAS (GRAL. VILLAMIL)",
                    "90156": "POSORJA",
                    "90157": "PUNA",
                    "90158": "TENGUEL"
                }
            },
            "902": {
                "canton": "ALFREDO BAQUERIZO MORENO (JUJÁN)",
                "parroquias": {
                    "90250": "ALFREDO BAQUERIZO MORENO (JUJAN)"
                }
            },
            "903": {
                "canton": "BALAO",
                "parroquias": {
                    "90350": "BALAO"
                }
            },
            "904": {
                "canton": "BALZAR",
                "parroquias": {
                    "90450": "BALZAR"
                }
            },
            "905": {
                "canton": "COLIMES",
                "parroquias": {
                    "90550": "COLIMES",
                    "90551": "SAN JACINTO"
                }
            },
            "906": {
                "canton": "DAULE",
                "parroquias": {
                    "90601": "DAULE",
                    "90602": "LA AURORA (SATELITE)",
                    "90603": "BANIFE",
                    "90604": "EMILIANO CAICEDO MARCOS",
                    "90605": "MAGRO",
                    "90606": "PADRE JUAN BAUTISTA AGUIRRE",
                    "90607": "SANTA CLARA",
                    "90608": "VICENTE PIEDRAHITA",
                    "90650": "DAULE",
                    "90651": "ISIDRO AYORA (SOLEDAD)",
                    "90652": "JUAN BAUTISTA AGUIRRE (LOS TINTOS)",
                    "90653": "LAUREL",
                    "90654": "LIMONAL",
                    "90655": "LOMAS DE SARGENTILLO",
                    "90656": "LOS LOJAS (ENRIQUE BAQUERIZO MORENO)",
                    "90657": "PIEDRAHITA (NOBOL)"
                }
            },
            "907": {
                "canton": "DURÁN",
                "parroquias": {
                    "90701": "ELOY ALFARO (DURAN)",
                    "90702": "EL RECREO",
                    "90750": "ELOY ALFARO (DURAN)"
                }
            },
            "908": {
                "canton": "EL EMPALME",
                "parroquias": {
                    "90850": "VELASCO IBARRA (EL EMPALME)",
                    "90851": "GUAYAS (PUEBLO NUEVO)",
                    "90852": "EL ROSARIO"
                }
            },
            "909": {
                "canton": "EL TRIUNFO",
                "parroquias": {
                    "90950": "EL TRIUNFO"
                }
            },
            "910": {
                "canton": "MILAGRO",
                "parroquias": {
                    "91050": "MILAGRO",
                    "91051": "CHOBO",
                    "91052": "GENERAL ELIZALDE (BUCAY)",
                    "91053": "MARISCAL SUCRE (HUAQUES)",
                    "91054": "ROBERTO ASTUDILLO (CAB. EN CRUCE DE VENECIA)"
                }
            },
            "911": {
                "canton": "NARANJAL",
                "parroquias": {
                    "91150": "NARANJAL",
                    "91151": "JESUS MARIA",
                    "91152": "SAN CARLOS",
                    "91153": "SANTA ROSA DE FLANDES",
                    "91154": "TAURA"
                }
            },
            "912": {
                "canton": "NARANJITO",
                "parroquias": {
                    "91250": "NARANJITO"
                }
            },
            "913": {
                "canton": "PALESTINA",
                "parroquias": {
                    "91350": "PALESTINA"
                }
            },
            "914": {
                "canton": "PEDRO CARBO",
                "parroquias": {
                    "91450": "PEDRO CARBO",
                    "91451": "VALLE DE LA VIRGEN",
                    "91452": "SABANILLA"
                }
            },
            "916": {
                "canton": "SAMBORONDÓN",
                "parroquias": {
                    "91601": "SAMBORONDON",
                    "91602": "LA PUNTILLA (SATÉLITE)",
                    "91650": "SAMBORONDON",
                    "91651": "TARIFA"
                }
            },
            "918": {
                "canton": "SANTA LUCÍA",
                "parroquias": {
                    "91850": "SANTA LUCIA"
                }
            },
            "919": {
                "canton": "SALITRE (URBINA JADO)",
                "parroquias": {
                    "91901": "BOCANA",
                    "91902": "CANDILEJOS",
                    "91903": "CENTRAL",
                    "91904": "PARAÍSO",
                    "91905": "SAN MATEO",
                    "91950": "EL SALITRE (LAS RAMAS)",
                    "91951": "GRAL. VERNAZA (DOS ESTEROS)",
                    "91952": "LA VICTORIA (ÑAUZA)",
                    "91953": "JUNQUILLAL"
                }
            },
            "920": {
                "canton": "SAN JACINTO DE YAGUACHI",
                "parroquias": {
                    "92050": "SAN JACINTO DE YAGUACHI",
                    "92051": "CRNEL. LORENZO DE GARAICOA (PEDREGAL)",
                    "92052": "CRNEL. MARCELINO MARIDUEÑA (SAN CARLOS)",
                    "92053": "GRAL. PEDRO J. MONTERO (BOLICHE)",
                    "92054": "SIMON BOLIVAR",
                    "92055": "YAGUACHI VIEJO (CONE)",
                    "92056": "VIRGEN DE FATIMA"
                }
            },
            "921": {
                "canton": "PLAYAS",
                "parroquias": {
                    "92150": "GENERAL VILLAMIL (PLAYAS)"
                }
            },
            "922": {
                "canton": "SIMÓN BOLÍVAR",
                "parroquias": {
                    "92250": "SIMON BOLIVAR",
                    "92251": "CRNEL.LORENZO DE GARAICOA (PEDREGAL)"
                }
            },
            "923": {
                "canton": "CORONEL MARCELINO MARIDUEÑA",
                "parroquias": {
                    "92350": "CORONEL MARCELINO MARIDUEÑA (SAN CARLOS)"
                }
            },
            "924": {
                "canton": "LOMAS DE SARGENTILLO",
                "parroquias": {
                    "92450": "LOMAS DE SARGENTILLO",
                    "92451": "ISIDRO AYORA (SOLEDAD)"
                }
            },
            "925": {
                "canton": "NOBOL",
                "parroquias": {
                    "92550": "NARCISA DE JESUS"
                }
            },
            "927": {
                "canton": "GENERAL ANTONIO ELIZALDE",
                "parroquias": {
                    "92750": "GENERAL ANTONIO ELIZALDE (BUCAY)"
                }
            },
            "928": {
                "canton": "ISIDRO AYORA",
                "parroquias": {
                    "92850": "ISIDRO AYORA"
                }
            }
        }
    },
    "10": {
        "provincia": "IMBABURA",
        "cantones": {
            "1001": {
                "canton": "IBARRA",
                "parroquias": {
                    "100101": "CARANQUI",
                    "100102": "GUAYAQUIL DE ALPACHACA",
                    "100103": "SAGRARIO",
                    "100104": "SAN FRANCISCO",
                    "100105": "LA DOLOROSA DEL PRIORATO",
                    "100150": "SAN MIGUEL DE IBARRA",
                    "100151": "AMBUQUI",
                    "100152": "ANGOCHAGUA",
                    "100153": "CAROLINA",
                    "100154": "LA ESPERANZA",
                    "100155": "LITA",
                    "100156": "SALINAS",
                    "100157": "SAN ANTONIO"
                }
            },
            "1002": {
                "canton": "ANTONIO ANTE",
                "parroquias": {
                    "100201": "ANDRADE MARIN (LOURDES)",
                    "100202": "ATUNTAQUI",
                    "100250": "ATUNTAQUI",
                    "100251": "IMBAYA (SAN LUIS DE COBUENDO)",
                    "100252": "SAN FRANCISCO DE NATABUELA",
                    "100253": "SAN JOSE DE CHALTURA",
                    "100254": "SAN ROQUE"
                }
            },
            "1003": {
                "canton": "COTACACHI",
                "parroquias": {
                    "100301": "SAGRARIO",
                    "100302": "SAN FRANCISCO",
                    "100350": "COTACACHI",
                    "100351": "APUELA",
                    "100352": "GARCIA MORENO (LLURIMAGUA)",
                    "100353": "IMANTAG",
                    "100354": "PEÑAHERRERA",
                    "100355": "PLAZA GUTIERREZ (CALVARIO)",
                    "100356": "QUIROGA",
                    "100357": "6 DE JULIO DE CUELLAJE (CAB. EN CUELLAJE)",
                    "100358": "VACAS GALINDO (EL CHURO) (CAB.EN SAN MIGUEL ALTO"
                }
            },
            "1004": {
                "canton": "OTAVALO",
                "parroquias": {
                    "100401": "JORDAN",
                    "100402": "SAN LUIS",
                    "100450": "OTAVALO",
                    "100451": "DR. MIGUEL EGAS CABEZAS (PEGUCHE)",
                    "100452": "EUGENIO ESPEJO (CALPAQUI)",
                    "100453": "GONZALEZ SUAREZ",
                    "100454": "PATAQUI",
                    "100455": "SAN JOSE DE QUICHINCHE",
                    "100456": "SAN JUAN DE ILUMAN",
                    "100457": "SAN PABLO",
                    "100458": "SAN RAFAEL",
                    "100459": "SELVA ALEGRE (CAB.EN SAN MIGUEL DE PAMPLONA)"
                }
            },
            "1005": {
                "canton": "PIMAMPIRO",
                "parroquias": {
                    "100550": "PIMAMPIRO",
                    "100551": "CHUGÁ",
                    "100552": "MARIANO ACOSTA",
                    "100553": "SAN FRANCISCO DE SIGSIPAMBA"
                }
            },
            "1006": {
                "canton": "SAN MIGUEL DE URCUQUÍ",
                "parroquias": {
                    "100650": "URCUQUÍ CABECERA CANTONAL",
                    "100651": "CAHUASQUI",
                    "100652": "LA MERCED DE BUENOS AIRES",
                    "100653": "PABLO ARENAS",
                    "100654": "SAN BLAS",
                    "100655": "TUMBABIRO"
                }
            }
        }
    },
    "11": {
        "provincia": "LOJA",
        "cantones": {
            "1101": {
                "canton": "LOJA",
                "parroquias": {
                    "110101": "EL SAGRARIO",
                    "110102": "SAN SEBASTIAN",
                    "110103": "SUCRE",
                    "110104": "VALLE",
                    "110150": "LOJA",
                    "110151": "CHANTACO",
                    "110152": "CHUQUIRIBAMBA",
                    "110153": "EL CISNE",
                    "110154": "GUALEL",
                    "110155": "JIMBILLA",
                    "110156": "MALACATOS (VALLADOLID)",
                    "110157": "SAN LUCAS",
                    "110158": "SAN PEDRO DE VILCABAMBA",
                    "110159": "SANTIAGO",
                    "110160": "TAQUIL (MIGUEL RIOFRIO)",
                    "110161": "VILCABAMBA (VICTORIA)",
                    "110162": "YANGANA (ARSENIO CASTILLO)",
                    "110163": "QUINARA"
                }
            },
            "1102": {
                "canton": "CALVAS",
                "parroquias": {
                    "110201": "CARIAMANGA",
                    "110202": "CHILE",
                    "110203": "SAN VICENTE",
                    "110250": "CARIAMANGA",
                    "110251": "COLAISACA",
                    "110252": "EL LUCERO",
                    "110253": "UTUANA",
                    "110254": "SANGUILLIN"
                }
            },
            "1103": {
                "canton": "CATAMAYO",
                "parroquias": {
                    "110301": "CATAMAYO",
                    "110302": "SAN JOSE",
                    "110350": "CATAMAYO (LA TOMA)",
                    "110351": "EL TAMBO",
                    "110352": "GUAYQUICHUMA",
                    "110353": "SAN PEDRO DE LA BENDITA",
                    "110354": "ZAMBI"
                }
            },
            "1104": {
                "canton": "CELICA",
                "parroquias": {
                    "110450": "CELICA",
                    "110451": "CRUZPAMBA (CAB. EN CARLOS BUSTAMANTE)",
                    "110452": "CHAQUINAL",
                    "110453": "12 DE DICIEMBRE (CAB. EN ACHIOTES)",
                    "110454": "PINDAL (FEDERICO PÁEZ)",
                    "110455": "POZUL (SAN JUAN DE POZUL)",
                    "110456": "SABANILLA",
                    "110457": "TNTE. MAXIMILIANO RODRIGUEZ LOAIZA"
                }
            },
            "1105": {
                "canton": "CHAGUARPAMBA",
                "parroquias": {
                    "110550": "CHAGUARPAMBA",
                    "110551": "BUENAVISTA",
                    "110552": "EL ROSARIO",
                    "110553": "SANTA RUFINA",
                    "110554": "AMARILLOS"
                }
            },
            "1106": {
                "canton": "ESPÍNDOLA",
                "parroquias": {
                    "110650": "AMALUZA",
                    "110651": "BELLAVISTA",
                    "110652": "JIMBURA",
                    "110653": "SANTA TERESITA",
                    "110654": "27 DE ABRIL (CAB. EN LA NARANJA)",
                    "110655": "EL INGENIO",
                    "110656": "EL AIRO"
                }
            },
            "1107": {
                "canton": "GONZANAMÁ",
                "parroquias": {
                    "110750": "GONZANAMA",
                    "110751": "CHANGAIMINA (LA LIBERTAD)",
                    "110752": "FUNDOCHAMBA",
                    "110753": "NAMBACOLA",
                    "110754": "PURUNUMA (EGUIGUREN)",
                    "110755": "QUILANGA (LA PAZ)",
                    "110756": "SACAPALCA",
                    "110757": "SAN ANTONIO DE LAS ARADAS (CAB. EN LAS ARADAS)"
                }
            },
            "1108": {
                "canton": "MACARÁ",
                "parroquias": {
                    "110801": "GENERAL ELOY ALFARO (SAN SEBASTIAN)",
                    "110802": "MACARÁ (MANUEL ENRIQUE RENGEL SUQUILANDA)",
                    "110850": "MACARA",
                    "110851": "LARAMA",
                    "110852": "LA VICTORIA",
                    "110853": "SABIANGO (LA CAPILLA)"
                }
            },
            "1109": {
                "canton": "PALTAS",
                "parroquias": {
                    "110901": "CATACOCHA",
                    "110902": "LOURDES",
                    "110950": "CATACOCHA",
                    "110951": "CANGONAMA",
                    "110952": "GUACHANAMA",
                    "110953": "LA TINGUE",
                    "110954": "LAURO GUERRERO",
                    "110955": "OLMEDO (SANTA BÁRBARA)",
                    "110956": "ORIANGA",
                    "110957": "SAN ANTONIO",
                    "110958": "CASANGA",
                    "110959": "YAMANA"
                }
            },
            "1110": {
                "canton": "PUYANGO",
                "parroquias": {
                    "111050": "ALAMOR",
                    "111051": "CIANO",
                    "111052": "EL ARENAL",
                    "111053": "EL LIMO (MARIANA DE JESUS)",
                    "111054": "MERCADILLO",
                    "111055": "VICENTINO"
                }
            },
            "1111": {
                "canton": "SARAGURO",
                "parroquias": {
                    "111150": "SARAGURO",
                    "111151": "EL PARAISO DE CELEN",
                    "111152": "EL TABLON",
                    "111153": "LLUZHAPA",
                    "111154": "MANU",
                    "111155": "SAN ANTONIO DE QUMBE (CUMBE)",
                    "111156": "SAN PABLO DE TENTA",
                    "111157": "SAN SEBASTIAN DE YULUC",
                    "111158": "SELVA ALEGRE",
                    "111159": "URDANETA (PAQUISHAPA)",
                    "111160": "SUMAYPAMBA"
                }
            },
            "1112": {
                "canton": "SOZORANGA",
                "parroquias": {
                    "111250": "SOZORANGA",
                    "111251": "NUEVA FATIMA",
                    "111252": "TACAMOROS"
                }
            },
            "1113": {
                "canton": "ZAPOTILLO",
                "parroquias": {
                    "111350": "ZAPOTILLO",
                    "111351": "MANGAHURCO (CAZADEROS)",
                    "111352": "GARZAREAL",
                    "111353": "LIMONES",
                    "111354": "PALETILLAS",
                    "111355": "BOLASPAMBA"
                }
            },
            "1114": {
                "canton": "PINDAL",
                "parroquias": {
                    "111450": "PINDAL",
                    "111451": "CHAQUINAL",
                    "111452": "12 DE DICIEMBRE (CAB.EN ACHIOTES)",
                    "111453": "MILAGROS"
                }
            },
            "1115": {
                "canton": "QUILANGA",
                "parroquias": {
                    "111550": "QUILANGA",
                    "111551": "FUNDOCHAMBA",
                    "111552": "SAN ANTONIO DE LAS ARADAS (CAB. EN LAS ARADAS)"
                }
            },
            "1116": {
                "canton": "OLMEDO",
                "parroquias": {
                    "111650": "OLMEDO",
                    "111651": "LA TINGUE"
                }
            }
        }
    },
    "12": {
        "provincia": "LOS RIOS",
        "cantones": {
            "1201": {
                "canton": "BABAHOYO",
                "parroquias": {
                    "120101": "CLEMENTE BAQUERIZO",
                    "120102": "DR. CAMILO PONCE",
                    "120103": "BARREIRO",
                    "120104": "EL SALTO",
                    "120150": "BABAHOYO",
                    "120151": "BARREIRO (SANTA RITA)",
                    "120152": "CARACOL",
                    "120153": "FEBRES CORDERO (LAS JUNTAS)",
                    "120154": "PIMOCHA",
                    "120155": "LA UNION"
                }
            },
            "1202": {
                "canton": "BABA",
                "parroquias": {
                    "120250": "BABA",
                    "120251": "GUARE",
                    "120252": "ISLA DE BEJUCAL"
                }
            },
            "1203": {
                "canton": "MONTALVO",
                "parroquias": {
                    "120350": "MONTALVO"
                }
            },
            "1204": {
                "canton": "PUEBLOVIEJO",
                "parroquias": {
                    "120450": "PUEBLOVIEJO",
                    "120451": "PUERTO PECHICHE",
                    "120452": "SAN JUAN"
                }
            },
            "1205": {
                "canton": "QUEVEDO",
                "parroquias": {
                    "120501": "QUEVEDO",
                    "120502": "SAN CAMILO",
                    "120503": "SAN JOSE",
                    "120504": "GUAYACAN",
                    "120505": "NICOLAS INFANTE DIAZ",
                    "120506": "SAN CRISTOBAL",
                    "120507": "SIETE DE OCTUBRE",
                    "120508": "24 DE MAYO",
                    "120509": "VENUS DEL RIO QUEVEDO",
                    "120510": "VIVA ALFARO",
                    "120550": "QUEVEDO",
                    "120551": "BUENA FÉ",
                    "120552": "MOCACHE",
                    "120553": "SAN CARLOS",
                    "120554": "VALENCIA",
                    "120555": "LA ESPERANZA"
                }
            },
            "1206": {
                "canton": "URDANETA",
                "parroquias": {
                    "120650": "CATARAMA",
                    "120651": "RICAURTE"
                }
            },
            "1207": {
                "canton": "VENTANAS",
                "parroquias": {
                    "120701": "10 DE NOVIEMBRE",
                    "120750": "VENTANAS",
                    "120751": "QUINSALOMA",
                    "120752": "ZAPOTAL",
                    "120753": "CHACARITA",
                    "120754": "LOS ANGELES"
                }
            },
            "1208": {
                "canton": "VÍNCES",
                "parroquias": {
                    "120850": "VINCES",
                    "120851": "ANTONIO SOTOMAYOR (CAB. EN PLAYAS DE VINCES)",
                    "120852": "PALENQUE"
                }
            },
            "1209": {
                "canton": "PALENQUE",
                "parroquias": {
                    "120950": "PALENQUE"
                }
            },
            "1210": {
                "canton": "BUENA FÉ",
                "parroquias": {
                    "121001": "SAN JACINTO DE BUENA FE",
                    "121002": "7 DE AGOSTO",
                    "121003": "11 DE OCTUBRE",
                    "121050": "SAN JACINTO DE BUENA FE",
                    "121051": "PATRICIA PILAR"
                }
            },
            "1211": {
                "canton": "VALENCIA",
                "parroquias": {
                    "121150": "VALENCIA"
                }
            },
            "1212": {
                "canton": "MOCACHE",
                "parroquias": {
                    "121250": "MOCACHE"
                }
            },
            "1213": {
                "canton": "QUINSALOMA",
                "parroquias": {
                    "121350": "QUINSALOMA"
                }
            }
        }
    },
    "13": {
        "provincia": "MANABI",
        "cantones": {
            "1301": {
                "canton": "PORTOVIEJO",
                "parroquias": {
                    "130101": "PORTOVIEJO",
                    "130102": "12 DE MARZO",
                    "130103": "COLON",
                    "130104": "PICOAZA",
                    "130105": "SAN PABLO",
                    "130106": "ANDRES DE VERA",
                    "130107": "FRANCISCO PACHECO",
                    "130108": "18 DE OCTUBRE",
                    "130109": "SIMON BOLIVAR",
                    "130150": "PORTOVIEJO",
                    "130151": "ABDON CALDERON (SAN FRANCISCO)",
                    "130152": "ALHAJUELA (BAJO GRANDE)",
                    "130153": "CRUCITA",
                    "130154": "PUEBLO NUEVO",
                    "130155": "RIOCHICO (RIO CHICO)",
                    "130156": "SAN PLÁCIDO",
                    "130157": "CHIRIJOS"
                }
            },
            "1302": {
                "canton": "BOLÍVAR",
                "parroquias": {
                    "130250": "CALCETA",
                    "130251": "MEMBRILLO",
                    "130252": "QUIROGA"
                }
            },
            "1303": {
                "canton": "CHONE",
                "parroquias": {
                    "130301": "CHONE",
                    "130302": "SANTA RITA",
                    "130350": "CHONE",
                    "130351": "BOYACA",
                    "130352": "CANUTO",
                    "130353": "CONVENTO",
                    "130354": "CHIBUNGA",
                    "130355": "ELOY ALFARO",
                    "130356": "RICAURTE",
                    "130357": "SAN ANTONIO"
                }
            },
            "1304": {
                "canton": "EL CARMEN",
                "parroquias": {
                    "130401": "EL CARMEN",
                    "130402": "4 DE DICIEMBRE",
                    "130450": "EL CARMEN",
                    "130451": "WILFRIDO LOOR MOREIRA (MAICITO)",
                    "130452": "SAN PEDRO DE SUMA"
                }
            },
            "1305": {
                "canton": "FLAVIO ALFARO",
                "parroquias": {
                    "130550": "FLAVIO ALFARO",
                    "130551": "SAN FRANCISCO DE NOVILLO (CAB. EN",
                    "130552": "ZAPALLO"
                }
            },
            "1306": {
                "canton": "JIPIJAPA",
                "parroquias": {
                    "130601": "DR. MIGUEL MORAN LUCIO",
                    "130602": "MANUEL INOCENCIO PARRALES Y GUALE",
                    "130603": "SAN LORENZO DE JIPIJAPA",
                    "130650": "JIPIJAPA",
                    "130651": "AMERICA",
                    "130652": "EL ANEGADO (CAB. EN ELOY ALFARO)",
                    "130653": "JULCUY",
                    "130654": "LA UNION",
                    "130655": "MACHALILLA",
                    "130656": "MEMBRILLAL",
                    "130657": "PEDRO PABLO GOMEZ",
                    "130658": "PUERTO DE CAYO",
                    "130659": "PUERTO LOPEZ"
                }
            },
            "1307": {
                "canton": "JUNÍN",
                "parroquias": {
                    "130750": "JUNIN"
                }
            },
            "1308": {
                "canton": "MANTA",
                "parroquias": {
                    "130801": "LOS ESTEROS",
                    "130802": "MANTA",
                    "130803": "SAN MATEO",
                    "130804": "TARQUI",
                    "130805": "ELOY ALFARO",
                    "130850": "MANTA",
                    "130851": "SAN LORENZO",
                    "130852": "SANTA MARIANITA (BOCA DE PACOCHE)"
                }
            },
            "1309": {
                "canton": "MONTECRISTI",
                "parroquias": {
                    "130901": "ANIBAL SAN ANDRES",
                    "130902": "MONTECRISTI",
                    "130903": "EL COLORADO",
                    "130904": "GENERAL ELOY ALFARO",
                    "130905": "LEONIDAS PROAÑO",
                    "130950": "MONTECRISTI",
                    "130951": "JARAMIJO",
                    "130952": "LA PILA"
                }
            },
            "1310": {
                "canton": "PAJÁN",
                "parroquias": {
                    "131050": "PAJAN",
                    "131051": "CAMPOZANO (LA PALMA DE PAJAN)",
                    "131052": "CASCOL",
                    "131053": "GUALE",
                    "131054": "LASCANO"
                }
            },
            "1311": {
                "canton": "PICHINCHA",
                "parroquias": {
                    "131150": "PICHINCHA",
                    "131151": "BARRAGANETE",
                    "131152": "SAN SEBASTIAN"
                }
            },
            "1312": {
                "canton": "ROCAFUERTE",
                "parroquias": {
                    "131250": "ROCAFUERTE"
                }
            },
            "1313": {
                "canton": "SANTA ANA",
                "parroquias": {
                    "131301": "SANTA ANA",
                    "131302": "LODANA",
                    "131350": "SANTA ANA DE VUELTA LARGA",
                    "131351": "AYACUCHO",
                    "131352": "HONORATO VASQUEZ (CAB. EN VASQUEZ)",
                    "131353": "LA UNION",
                    "131354": "OLMEDO",
                    "131355": "SAN PABLO (CAB. EN PUEBLO NUEVO)"
                }
            },
            "1314": {
                "canton": "SUCRE",
                "parroquias": {
                    "131401": "BAHIA DE CARAQUEZ",
                    "131402": "LEONIDAS PLAZA GUTIERREZ",
                    "131450": "BAHIA DE CARAQUEZ",
                    "131451": "CANOA",
                    "131452": "COJIMIES",
                    "131453": "CHARAPOTO",
                    "131454": "10 DE AGOSTO",
                    "131455": "JAMA",
                    "131456": "PEDERNALES",
                    "131457": "SAN ISIDRO",
                    "131458": "SAN VICENTE"
                }
            },
            "1315": {
                "canton": "TOSAGUA",
                "parroquias": {
                    "131550": "TOSAGUA",
                    "131551": "BACHILLERO",
                    "131552": "ANGEL PEDRO GILER (LA ESTANCILLA)"
                }
            },
            "1316": {
                "canton": "24 DE MAYO",
                "parroquias": {
                    "131650": "SUCRE",
                    "131651": "BELLAVISTA",
                    "131652": "NOBOA",
                    "131653": "ARQ. SIXTO DURAN BALLEN"
                }
            },
            "1317": {
                "canton": "PEDERNALES",
                "parroquias": {
                    "131750": "PEDERNALES",
                    "131751": "COJIMIES",
                    "131752": "10 DE AGOSTO",
                    "131753": "ATAHUALPA"
                }
            },
            "1318": {
                "canton": "OLMEDO",
                "parroquias": {
                    "131850": "OLMEDO"
                }
            },
            "1319": {
                "canton": "PUERTO LÓPEZ",
                "parroquias": {
                    "131950": "PUERTO LOPEZ",
                    "131951": "MACHALILLA",
                    "131952": "SALANGO"
                }
            },
            "1320": {
                "canton": "JAMA",
                "parroquias": {
                    "132050": "JAMA"
                }
            },
            "1321": {
                "canton": "JARAMIJÓ",
                "parroquias": {
                    "132150": "JARAMIJO"
                }
            },
            "1322": {
                "canton": "SAN VICENTE",
                "parroquias": {
                    "132250": "SAN VICENTE",
                    "132251": "CANOA"
                }
            }
        }
    },
    "14": {
        "provincia": "MORONA SANTIAGO",
        "cantones": {
            "1401": {
                "canton": "MORONA",
                "parroquias": {
                    "140150": "MACAS",
                    "140151": "ALSHI (CAB. EN 9 DE OCTUBRE)",
                    "140152": "CHIGUAZA",
                    "140153": "GENERAL PROAÑO",
                    "140154": "HUASAGA (CAB.EN WAMPUIK)",
                    "140155": "MACUMA",
                    "140156": "SAN ISIDRO",
                    "140157": "SEVILLA DON BOSCO",
                    "140158": "SINAI",
                    "140159": "TAISHA",
                    "140160": "ZUÑA (ZÚÑAC)",
                    "140161": "TUUTINENTZA",
                    "140162": "CUCHAENTZA",
                    "140163": "SAN JOSE DE MORONA",
                    "140164": "RIO BLANCO"
                }
            },
            "1402": {
                "canton": "GUALAQUIZA",
                "parroquias": {
                    "140201": "GUALAQUIZA",
                    "140202": "MERCEDES MOLINA",
                    "140250": "GUALAQUIZA",
                    "140251": "AMAZONAS (ROSARIO DE CUYES)",
                    "140252": "BERMEJOS",
                    "140253": "BOMBOIZA",
                    "140254": "CHIGÜINDA",
                    "140255": "EL ROSARIO",
                    "140256": "NUEVA TARQUI",
                    "140257": "SAN MIGUEL DE CUYES",
                    "140258": "EL IDEAL"
                }
            },
            "1403": {
                "canton": "LIMÓN INDANZA",
                "parroquias": {
                    "140350": "GENERAL LEONIDAS PLAZA GUTIERREZ (LIMON)",
                    "140351": "INDANZA",
                    "140352": "PAN DE AZUCAR",
                    "140353": "SAN ANTONIO (CAB. EN SAN ANTONIO CENTRO",
                    "140354": "SAN CARLOS DE LIMÓN (SAN CARLOS DEL",
                    "140355": "SAN JUAN BOSCO",
                    "140356": "SAN MIGUEL DE CONCHAY",
                    "140357": "SANTA SUSANA DE CHIVIAZA (CAB. EN CHIVIAZA)",
                    "140358": "YUNGANZA (CAB. EN EL ROSARIO)"
                }
            },
            "1404": {
                "canton": "PALORA",
                "parroquias": {
                    "140450": "PALORA (METZERA)",
                    "140451": "ARAPICOS",
                    "140452": "CUMANDA (CAB. EN COLONIA AGRICOLA SEVILLA DEL ORO)",
                    "140453": "HUAMBOYA",
                    "140454": "SANGAY (CAB. EN NAYAMANACA)"
                }
            },
            "1405": {
                "canton": "SANTIAGO",
                "parroquias": {
                    "140550": "SANTIAGO DE MENDEZ",
                    "140551": "COPAL",
                    "140552": "CHUPIANZA",
                    "140553": "PATUCA",
                    "140554": "SAN LUIS DE EL ACHO (CAB. EN EL ACHO)",
                    "140555": "SANTIAGO",
                    "140556": "TAYUZA",
                    "140557": "SAN FRANCISCO DE CHINIMBIMI"
                }
            },
            "1406": {
                "canton": "SUCÚA",
                "parroquias": {
                    "140650": "SUCUA",
                    "140651": "ASUNCION",
                    "140652": "HUAMBI",
                    "140653": "LOGROÑO",
                    "140654": "YAUPI",
                    "140655": "SANTA MARIANITA DE JESUS"
                }
            },
            "1407": {
                "canton": "HUAMBOYA",
                "parroquias": {
                    "140750": "HUAMBOYA",
                    "140751": "CHIGUAZA",
                    "140752": "PABLO SEXTO"
                }
            },
            "1408": {
                "canton": "SAN JUAN BOSCO",
                "parroquias": {
                    "140850": "SAN JUAN BOSCO",
                    "140851": "PAN DE AZUCAR",
                    "140852": "SAN CARLOS DE LIMON",
                    "140853": "SAN JACINTO DE WAKAMBEIS",
                    "140854": "SANTIAGO DE PANANZA"
                }
            },
            "1409": {
                "canton": "TAISHA",
                "parroquias": {
                    "140950": "TAISHA",
                    "140951": "HUASAGA (CAB. EN WAMPUIK)",
                    "140952": "MACUMA",
                    "140953": "TUUTINENTZA",
                    "140954": "PUMPUENTSA"
                }
            },
            "1410": {
                "canton": "LOGROÑO",
                "parroquias": {
                    "141050": "LOGROÑO",
                    "141051": "YAUPI",
                    "141052": "SHIMPIS"
                }
            },
            "1411": {
                "canton": "PABLO SEXTO",
                "parroquias": {
                    "141150": "PABLO SEXTO"
                }
            },
            "1412": {
                "canton": "TIWINTZA",
                "parroquias": {
                    "141250": "SANTIAGO",
                    "141251": "SAN JOSE DE MORONA"
                }
            }
        }
    },
    "15": {
        "provincia": "NAPO",
        "cantones": {
            "1501": {
                "canton": "TENA",
                "parroquias": {
                    "150150": "TENA",
                    "150151": "AHUANO",
                    "150152": "CARLOS JULIO AROSEMENA TOLA (ZATZA-YACU)",
                    "150153": "CHONTAPUNTA",
                    "150154": "PANO",
                    "150155": "PUERTO MISAHUALLI",
                    "150156": "PUERTO NAPO",
                    "150157": "TALAG",
                    "150158": "SAN JUAN DE MUYUNA"
                }
            },
            "1503": {
                "canton": "ARCHIDONA",
                "parroquias": {
                    "150350": "ARCHIDONA",
                    "150351": "AVILA",
                    "150352": "COTUNDO",
                    "150353": "LORETO",
                    "150354": "SAN PABLO DE USHPAYACU",
                    "150355": "PUERTO MURIALDO"
                }
            },
            "1504": {
                "canton": "EL CHACO",
                "parroquias": {
                    "150450": "EL CHACO",
                    "150451": "GONZALO DIAZ DE PINEDA (EL BOMBON)",
                    "150452": "LINARES",
                    "150453": "OYACACHI",
                    "150454": "SANTA ROSA",
                    "150455": "SARDINAS"
                }
            },
            "1507": {
                "canton": "QUIJOS",
                "parroquias": {
                    "150750": "BAEZA",
                    "150751": "COSANGA",
                    "150752": "CUYUJA",
                    "150753": "PAPALLACTA",
                    "150754": "SAN FRANCISCO DE BORJA (VIRGILIO DAVILA)",
                    "150755": "SAN JOSÉ DEL PAYAMINO",
                    "150756": "SUMACO"
                }
            },
            "1509": {
                "canton": "CARLOS JULIO AROSEMENA TOLA",
                "parroquias": {
                    "150950": "CARLOS JULIO AROSEMENA TOLA"
                }
            }
        }
    },
    "16": {
        "provincia": "PASTAZA",
        "cantones": {
            "1601": {
                "canton": "PASTAZA",
                "parroquias": {
                    "160150": "PUYO",
                    "160151": "ARAJUNO",
                    "160152": "CANELOS",
                    "160153": "CURARAY",
                    "160154": "DIEZ DE AGOSTO",
                    "160155": "FATIMA",
                    "160156": "MONTALVO (ANDOAS)",
                    "160157": "POMONA",
                    "160158": "RIO CORRIENTES",
                    "160159": "RIO TIGRE",
                    "160160": "SANTA CLARA",
                    "160161": "SARAYACU",
                    "160162": "SIMON BOLIVAR (CAB. EN MUSHULLACTA)",
                    "160163": "TARQUI",
                    "160164": "TENIENTE HUGO ORTIZ",
                    "160165": "VERACRUZ (INDILLAMA) (CAB. EN INDILLAMA)",
                    "160166": "EL TRIUNFO"
                }
            },
            "1602": {
                "canton": "MERA",
                "parroquias": {
                    "160250": "MERA",
                    "160251": "MADRE TIERRA",
                    "160252": "SHELL"
                }
            },
            "1603": {
                "canton": "SANTA CLARA",
                "parroquias": {
                    "160350": "SANTA CLARA",
                    "160351": "SAN JOSE"
                }
            },
            "1604": {
                "canton": "ARAJUNO",
                "parroquias": {
                    "160450": "ARAJUNO",
                    "160451": "CURARAY"
                }
            }
        }
    },
    "17": {
        "provincia": "PICHINCHA",
        "cantones": {
            "1701": {
                "canton": "QUITO",
                "parroquias": {
                    "170101": "BELISARIO QUEVEDO",
                    "170102": "CARCELEN",
                    "170103": "CENTRO HISTORICO",
                    "170104": "COCHAPAMBA",
                    "170105": "COMITE DEL PUEBLO",
                    "170106": "COTOCOLLAO",
                    "170107": "CHILIBULO",
                    "170108": "CHILLOGALLO",
                    "170109": "CHIMBACALLE",
                    "170110": "EL CONDADO",
                    "170111": "GUAMANI",
                    "170112": "IÑAQUITO",
                    "170113": "ITCHIMBIA",
                    "170114": "JIPIJAPA",
                    "170115": "KENNEDY",
                    "170116": "LA ARGELIA",
                    "170117": "LA CONCEPCION",
                    "170118": "LA ECUATORIANA",
                    "170119": "LA FERROVIARIA",
                    "170120": "LA LIBERTAD",
                    "170121": "LA MAGDALENA",
                    "170122": "LA MENA",
                    "170123": "MARISCAL SUCRE",
                    "170124": "PONCEANO",
                    "170125": "PUENGASI",
                    "170126": "QUITUMBE",
                    "170127": "RUMIPAMBA",
                    "170128": "SAN BARTOLO",
                    "170129": "SAN ISIDRO DEL INCA",
                    "170130": "SAN JUAN",
                    "170131": "SOLANDA",
                    "170132": "TURUBAMBA",
                    "170150": "QUITO DISTRITO METROPOLITANO",
                    "170151": "ALANGASI",
                    "170152": "AMAGUAÑA",
                    "170153": "ATAHUALPA",
                    "170154": "CALACALI",
                    "170155": "CALDERON",
                    "170156": "CONOCOTO",
                    "170157": "CUMBAYA",
                    "170158": "CHAVEZPAMBA",
                    "170159": "CHECA",
                    "170160": "EL QUINCHE",
                    "170161": "GUALEA",
                    "170162": "GUANGOPOLO",
                    "170163": "GUAYLLABAMBA",
                    "170164": "LA MERCED",
                    "170165": "LLANO CHICO",
                    "170166": "LLOA",
                    "170167": "MINDO",
                    "170168": "NANEGAL",
                    "170169": "NANEGALITO",
                    "170170": "NAYON",
                    "170171": "NONO",
                    "170172": "PACTO",
                    "170173": "PEDRO VICENTE MALDONADO",
                    "170174": "PERUCHO",
                    "170175": "PIFO",
                    "170176": "PINTAG",
                    "170177": "POMASQUI",
                    "170178": "PUELLARO",
                    "170179": "PUEMBO",
                    "170180": "SAN ANTONIO",
                    "170181": "SAN JOSE DE MINAS",
                    "170182": "SAN MIGUEL DE LOS BANCOS",
                    "170183": "TABABELA",
                    "170184": "TUMBACO",
                    "170185": "YARUQUI",
                    "170186": "ZAMBIZA",
                    "170187": "PUERTO QUITO"
                }
            },
            "1702": {
                "canton": "CAYAMBE",
                "parroquias": {
                    "170201": "AYORA",
                    "170202": "CAYAMBE",
                    "170203": "JUAN MONTALVO",
                    "170250": "CAYAMBE",
                    "170251": "ASCAZUBI",
                    "170252": "CANGAHUA",
                    "170253": "OLMEDO (PESILLO)",
                    "170254": "OTON",
                    "170255": "SANTA ROSA DE CUZUBAMBA"
                }
            },
            "1703": {
                "canton": "MEJIA",
                "parroquias": {
                    "170350": "MACHACHI",
                    "170351": "ALOAG",
                    "170352": "ALOASI",
                    "170353": "CUTUGLAHUA",
                    "170354": "EL CHAUPI",
                    "170355": "MANUEL CORNEJO ASTORGA (TANDAPI)",
                    "170356": "TAMBILLO",
                    "170357": "UYUMBICHO"
                }
            },
            "1704": {
                "canton": "PEDRO MONCAYO",
                "parroquias": {
                    "170450": "TABACUNDO",
                    "170451": "LA ESPERANZA",
                    "170452": "MALCHINGUI",
                    "170453": "TOCACHI",
                    "170454": "TUPIGACHI"
                }
            },
            "1705": {
                "canton": "RUMIÑAHUI",
                "parroquias": {
                    "170501": "SANGOLQUI",
                    "170502": "SAN PEDRO DE TABOADA",
                    "170503": "SAN RAFAEL",
                    "170550": "SANGOLQUI",
                    "170551": "COTOGCHOA",
                    "170552": "RUMIPAMBA"
                }
            },
            "1707": {
                "canton": "SAN MIGUEL DE LOS BANCOS",
                "parroquias": {
                    "170750": "SAN MIGUEL DE LOS BANCOS",
                    "170751": "MINDO",
                    "170752": "PEDRO VICENTE MALDONADO",
                    "170753": "PUERTO QUITO"
                }
            },
            "1708": {
                "canton": "PEDRO VICENTE MALDONADO",
                "parroquias": {
                    "170850": "PEDRO VICENTE MALDONADO"
                }
            },
            "1709": {
                "canton": "PUERTO QUITO",
                "parroquias": {
                    "170950": "PUERTO QUITO"
                }
            }
        }
    },
    "18": {
        "provincia": "TUNGURAHUA",
        "cantones": {
            "1801": {
                "canton": "AMBATO",
                "parroquias": {
                    "180101": "ATOCHA – FICOA",
                    "180102": "CELIANO MONGE",
                    "180103": "HUACHI CHICO",
                    "180104": "HUACHI LORETO",
                    "180105": "LA MERCED",
                    "180106": "LA PENINSULA",
                    "180107": "MATRIZ",
                    "180108": "PISHILATA",
                    "180109": "SAN FRANCISCO",
                    "180150": "AMBATO",
                    "180151": "AMBATILLO",
                    "180152": "ATAHUALPA (CHISALATA)",
                    "180153": "AUGUSTO N. MARTINEZ (MUNDUGLEO)",
                    "180154": "CONSTANTINO FERNANDEZ (CAB. EN CULLITAHUA)",
                    "180155": "HUACHI GRANDE",
                    "180156": "IZAMBA",
                    "180157": "JUAN BENIGNO VELA",
                    "180158": "MONTALVO",
                    "180159": "PASA",
                    "180160": "PICAIGUA",
                    "180161": "PILAGÜÍN (PILAHÜÍN)",
                    "180162": "QUISAPINCHA (QUIZAPINCHA)",
                    "180163": "SAN BARTOLOME DE PINLLOG",
                    "180164": "SAN FERNANDO (PASA SAN FERNANDO)",
                    "180165": "SANTA ROSA",
                    "180166": "TOTORAS",
                    "180167": "CUNCHIBAMBA",
                    "180168": "UNAMUNCHO"
                }
            },
            "1802": {
                "canton": "BAÑOS DE AGUA SANTA",
                "parroquias": {
                    "180250": "BAÑOS DE AGUA SANTA",
                    "180251": "LLIGUA",
                    "180252": "RIO NEGRO",
                    "180253": "RIO VERDE",
                    "180254": "ULBA"
                }
            },
            "1803": {
                "canton": "CEVALLOS",
                "parroquias": {
                    "180350": "CEVALLOS"
                }
            },
            "1804": {
                "canton": "MOCHA",
                "parroquias": {
                    "180450": "MOCHA",
                    "180451": "PINGUILI"
                }
            },
            "1805": {
                "canton": "PATATE",
                "parroquias": {
                    "180550": "PATATE",
                    "180551": "EL TRIUNFO",
                    "180552": "LOS ANDES (CAB. EN POATUG)",
                    "180553": "SUCRE (CAB. EN SUCRE-PATATE URCU)"
                }
            },
            "1806": {
                "canton": "QUERO",
                "parroquias": {
                    "180650": "QUERO",
                    "180651": "RUMIPAMBA",
                    "180652": "YANAYACU - MOCHAPATA (CAB. EN YANAYACU)"
                }
            },
            "1807": {
                "canton": "SAN PEDRO DE PELILEO",
                "parroquias": {
                    "180701": "PELILEO",
                    "180702": "PELILEO GRANDE",
                    "180750": "PELILEO",
                    "180751": "BENITEZ (PACHANLICA)",
                    "180752": "BOLIVAR",
                    "180753": "COTALO",
                    "180754": "CHIQUICHA (CAB. EN CHIQUICHA GRANDE)",
                    "180755": "EL ROSARIO (RUMICHACA)",
                    "180756": "GARCIA MORENO (CHUMAQUI)",
                    "180757": "GUAMBALO (HUAMBALO)",
                    "180758": "SALASACA"
                }
            },
            "1808": {
                "canton": "SANTIAGO DE PÍLLARO",
                "parroquias": {
                    "180801": "CIUDAD NUEVA",
                    "180802": "PILLARO",
                    "180850": "PILLARO",
                    "180851": "BAQUERIZO MORENO",
                    "180852": "EMILIO MARIA TERAN (RUMIPAMBA)",
                    "180853": "MARCOS ESPINEL (CHACATA)",
                    "180854": "PRESIDENTE URBINA (CHAGRAPAMBA -PATZUCUL)",
                    "180855": "SAN ANDRES",
                    "180856": "SAN JOSE DE POALO",
                    "180857": "SAN MIGUELITO"
                }
            },
            "1809": {
                "canton": "TISALEO",
                "parroquias": {
                    "180950": "TISALEO",
                    "180951": "QUINCHICOTO"
                }
            }
        }
    },
    "19": {
        "provincia": "ZAMORA CHINCHIPE",
        "cantones": {
            "1901": {
                "canton": "ZAMORA",
                "parroquias": {
                    "190101": "EL LIMON",
                    "190102": "ZAMORA",
                    "190150": "ZAMORA",
                    "190151": "CUMBARATZA",
                    "190152": "GUADALUPE",
                    "190153": "IMBANA (LA VICTORIA DE IMBANA)",
                    "190154": "PAQUISHA",
                    "190155": "SABANILLA",
                    "190156": "TIMBARA",
                    "190157": "ZUMBI",
                    "190158": "SAN CARLOS DE LAS MINAS"
                }
            },
            "1902": {
                "canton": "CHINCHIPE",
                "parroquias": {
                    "190250": "ZUMBA",
                    "190251": "CHITO",
                    "190252": "EL CHORRO",
                    "190253": "EL PORVENIR DEL CARMEN",
                    "190254": "LA CHONTA",
                    "190255": "PALANDA",
                    "190256": "PUCAPAMBA",
                    "190257": "SAN FRANCISCO DEL VERGEL",
                    "190258": "VALLADOLID",
                    "190259": "SAN ANDRES"
                }
            },
            "1903": {
                "canton": "NANGARITZA",
                "parroquias": {
                    "190350": "GUAYZIMI",
                    "190351": "ZURMI",
                    "190352": "NUEVO PARAISO"
                }
            },
            "1904": {
                "canton": "YACUAMBI",
                "parroquias": {
                    "190450": "28 DE MAYO (SAN JOSE DE YACUAMBI)",
                    "190451": "LA PAZ",
                    "190452": "TUTUPALI"
                }
            },
            "1905": {
                "canton": "YANTZAZA (YANZATZA)",
                "parroquias": {
                    "190550": "YANTZAZA (YANZATZA)",
                    "190551": "CHICAÑA",
                    "190552": "EL PANGUI",
                    "190553": "LOS ENCUENTROS"
                }
            },
            "1906": {
                "canton": "EL PANGUI",
                "parroquias": {
                    "190650": "EL PANGUI",
                    "190651": "EL GUISME",
                    "190652": "PACHICUTZA",
                    "190653": "TUNDAYME"
                }
            },
            "1907": {
                "canton": "CENTINELA DEL CÓNDOR",
                "parroquias": {
                    "190750": "ZUMBI",
                    "190751": "PAQUISHA",
                    "190752": "TRIUNFO-DORADO",
                    "190753": "PANGUINTZA"
                }
            },
            "1908": {
                "canton": "PALANDA",
                "parroquias": {
                    "190850": "PALANDA",
                    "190851": "EL PORVENIR DEL CARMEN",
                    "190852": "SAN FRANCISCO DEL VERGEL",
                    "190853": "VALLADOLID",
                    "190854": "LA CANELA"
                }
            },
            "1909": {
                "canton": "PAQUISHA",
                "parroquias": {
                    "190950": "PAQUISHA",
                    "190951": "BELLAVISTA",
                    "190952": "NUEVO QUITO"
                }
            }
        }
    },
    "20": {
        "provincia": "GALAPAGOS",
        "cantones": {
            "2001": {
                "canton": "SAN CRISTÓBAL",
                "parroquias": {
                    "200150": "PUERTO BAQUERIZO MORENO",
                    "200151": "EL PROGRESO",
                    "200152": "ISLA SANTA MARÍA (FLOREANA) (CAB. EN PTO. VELASCO IBARRA)"
                }
            },
            "2002": {
                "canton": "ISABELA",
                "parroquias": {
                    "200250": "PUERTO VILLAMIL",
                    "200251": "TOMAS DE BERLANGA (SANTO TOMAS)"
                }
            },
            "2003": {
                "canton": "SANTA CRUZ",
                "parroquias": {
                    "200350": "PUERTO AYORA",
                    "200351": "BELLAVISTA",
                    "200352": "SANTA ROSA (INCLUYE LA ISLA BALTRA)"
                }
            }
        }
    },
    "21": {
        "provincia": "SUCUMBIOS",
        "cantones": {
            "2101": {
                "canton": "LAGO AGRIO",
                "parroquias": {
                    "210150": "NUEVA LOJA",
                    "210151": "CUYABENO",
                    "210152": "DURENO",
                    "210153": "GENERAL FARFAN",
                    "210154": "TARAPOA",
                    "210155": "EL ENO",
                    "210156": "PACAYACU",
                    "210157": "JAMBELI",
                    "210158": "SANTA CECILIA",
                    "210159": "AGUAS NEGRAS"
                }
            },
            "2102": {
                "canton": "GONZALO PIZARRO",
                "parroquias": {
                    "210250": "EL DORADO DE CASCALES",
                    "210251": "EL REVENTADOR",
                    "210252": "GONZALO PIZARRO",
                    "210253": "LUMBAQUI",
                    "210254": "PUERTO LIBRE",
                    "210255": "SANTA ROSA DE SUCUMBIOS"
                }
            },
            "2103": {
                "canton": "PUTUMAYO",
                "parroquias": {
                    "210350": "PUERTO EL CARMEN DEL PUTUMAYO",
                    "210351": "PALMA ROJA",
                    "210352": "PUERTO BOLÍVAR (PUERTO MONTÚFAR)",
                    "210353": "PUERTO RODRIGUEZ",
                    "210354": "SANTA ELENA"
                }
            },
            "2104": {
                "canton": "SHUSHUFINDI",
                "parroquias": {
                    "210450": "SHUSHUFINDI",
                    "210451": "LIMONCOCHA",
                    "210452": "PAÑACOCHA",
                    "210453": "SAN ROQUE (CAB. EN SAN VICENTE)",
                    "210454": "SAN PEDRO DE LOS COFANES",
                    "210455": "SIETE DE JULIO"
                }
            },
            "2105": {
                "canton": "SUCUMBÍOS",
                "parroquias": {
                    "210550": "LA BONITA",
                    "210551": "EL PLAYON DE SAN FRANCISCO",
                    "210552": "LA SOFIA",
                    "210553": "ROSA FLORIDA",
                    "210554": "SANTA BARBARA"
                }
            },
            "2106": {
                "canton": "CASCALES",
                "parroquias": {
                    "210650": "EL DORADO DE CASCALES",
                    "210651": "SANTA ROSA DE SUCUMBIOS",
                    "210652": "SEVILLA"
                }
            },
            "2107": {
                "canton": "CUYABENO",
                "parroquias": {
                    "210750": "TARAPOA",
                    "210751": "CUYABENO",
                    "210752": "AGUAS NEGRAS"
                }
            }
        }
    },
    "22": {
        "provincia": "ORELLANA",
        "cantones": {
            "2201": {
                "canton": "ORELLANA",
                "parroquias": {
                    "220150": "PUERTO FRANCISCO DE ORELLANA (EL COCA)",
                    "220151": "DAYUMA",
                    "220152": "TARACOA (NUEVA ESPERANZA: YUCA)",
                    "220153": "ALEJANDRO LABAKA",
                    "220154": "EL DORADO",
                    "220155": "EL EDEN",
                    "220156": "GARCIA MORENO",
                    "220157": "INES ARANGO (CAB. EN WESTERN)",
                    "220158": "LA BELLEZA",
                    "220159": "NUEVO PARAÍSO (CAB. EN UNIÓN",
                    "220160": "SAN JOSE DE GUAYUSA",
                    "220161": "SAN LUIS DE ARMENIA"
                }
            },
            "2202": {
                "canton": "AGUARICO",
                "parroquias": {
                    "220201": "TIPITINI",
                    "220250": "NUEVO ROCAFUERTE",
                    "220251": "CAPITAN AUGUSTO RIVADENEYRA",
                    "220252": "CONONACO",
                    "220253": "SANTA MARIA DE HUIRIRIMA",
                    "220254": "TIPUTINI",
                    "220255": "YASUNI"
                }
            },
            "2203": {
                "canton": "LA JOYA DE LOS SACHAS",
                "parroquias": {
                    "220350": "LA JOYA DE LOS SACHAS",
                    "220351": "ENOKANQUI",
                    "220352": "POMPEYA",
                    "220353": "SAN CARLOS",
                    "220354": "SAN SEBASTIAN DEL COCA",
                    "220355": "LAGO SAN PEDRO",
                    "220356": "RUMIPAMBA",
                    "220357": "TRES DE NOVIEMBRE",
                    "220358": "UNION MILAGREÑA"
                }
            },
            "2204": {
                "canton": "LORETO",
                "parroquias": {
                    "220450": "LORETO",
                    "220451": "AVILA (CAB. EN HUIRUNO)",
                    "220452": "PUERTO MURIALDO",
                    "220453": "SAN JOSE DE PAYAMINO",
                    "220454": "SAN JOSE DE DAHUANO",
                    "220455": "SAN VICENTE DE HUATICOCHA"
                }
            }
        }
    },
    "23": {
        "provincia": "SANTO DOMINGO DE LOS TSACHILAS",
        "cantones": {
            "2301": {
                "canton": "SANTO DOMINGO",
                "parroquias": {
                    "230101": "ABRAHAM CALAZACON",
                    "230102": "BOMBOLI",
                    "230103": "CHIGUILPE",
                    "230104": "RIO TOACHI",
                    "230105": "RIO VERDE",
                    "230106": "SANTO DOMINGO DE LOS COLORADOS",
                    "230107": "ZARACAY",
                    "230150": "SANTO DOMINGO DE LOS COLORADOS",
                    "230151": "ALLURIQUIN",
                    "230152": "PUERTO LIMON",
                    "230153": "LUZ DE AMERICA",
                    "230154": "SAN JACINTO DEL BUA",
                    "230155": "VALLE HERMOSO",
                    "230156": "EL ESFUERZO",
                    "230157": "SANTA MARIA DEL TOACHI"
                }
            }
        }
    },
    "24": {
        "provincia": "SANTA ELENA",
        "cantones": {
            "2401": {
                "canton": "SANTA ELENA",
                "parroquias": {
                    "240101": "BALLENITA",
                    "240102": "SANTA ELENA",
                    "240150": "SANTA ELENA",
                    "240151": "ATAHUALPA",
                    "240152": "COLONCHE",
                    "240153": "CHANDUY",
                    "240154": "MANGLARALTO",
                    "240155": "SIMON BOLIVAR (JULIO MORENO)",
                    "240156": "SAN JOSE DE ANCON"
                }
            },
            "2402": {
                "canton": "LA LIBERTAD",
                "parroquias": {
                    "240250": "LA LIBERTAD"
                }
            },
            "2403": {
                "canton": "SALINAS",
                "parroquias": {
                    "240301": "CARLOS ESPINOZA LARREA",
                    "240302": "GRAL. ALBERTO ENRÍQUEZ GALLO",
                    "240303": "VICENTE ROCAFUERTE",
                    "240304": "SANTA ROSA",
                    "240350": "SALINAS",
                    "240351": "ANCONCITO",
                    "240352": "JOSE LUIS TAMAYO (MUEY)"
                }
            }
        }
    },
    "90": {
        "cantones": {
            "9001": {
                "canton": "LAS GOLONDRINAS",
                "parroquias": null
            },
            "9003": {
                "canton": "MANGA DEL CURA",
                "parroquias": null
            },
            "9004": {
                "canton": "EL PIEDRERO",
                "parroquias": null
            }
        }
    }
}